id;name;symbol;created_date;updated_date
1;Washington;Research;2021-03-30T08:41:34;2021-03-29T22:49:04
2;withdrawal models multimedia;Internal Mouse;2021-03-29T23:28:30;2021-03-30T07:12:28
3;syndicate Prairie;generation Accountability FTP;2021-03-30T04:52:27;2021-03-30T04:05:40
4;Omani Cross-group;Cotton Licensed Dynamic;2021-03-30T06:48:15;2021-03-30T10:29:16
5;Senior clicks-and-mortar Buckinghamshire;Granite;2021-03-30T01:42:09;2021-03-30T04:26:55
6;back-end;maroon Car Specialist;2021-03-29T17:32:22;2021-03-30T13:21:02
7;Pizza Massachusetts;Union haptic;2021-03-29T16:01:35;2021-03-30T07:41:54
8;Solutions;Wooden Sandwich;2021-03-29T15:46:08;2021-03-30T02:08:18
9;Pa'anga;index Pa'anga;2021-03-30T13:38:38;2021-03-30T01:53:41
10;Hat supply-chains indigo;Wooden Wooden;2021-03-29T22:42:17;2021-03-30T06:48:28
