id;headline;bio;location;nickname;profile_picture;trading_view_url;twitter_url;facebook_url;bith_date;created_date;updated_date
1;Solutions;../fake-data/blob/hipster.txt;grey;payment Chair Shoes;Sleek black;Borders lavender array;analyzer;De-engineered Account Garden;2021-03-30;2021-03-30T07:01:39;2021-03-29T16:50:39
2;Chair bypassing calculating;../fake-data/blob/hipster.txt;strategize proactive;Regional navigating User-centric;one-to-one;disintermediate California;Idaho Accountability;Fantastic array TCP;2021-03-30;2021-03-30T02:16:37;2021-03-29T18:56:31
3;syndicate;../fake-data/blob/hipster.txt;Hat Associate District;contingency;optical Manager;invoice Computers;Mayotte;Games bypassing Shoes;2021-03-29;2021-03-29T17:49:32;2021-03-29T22:04:21
4;Greens;../fake-data/blob/hipster.txt;mobile transparent;Manager Vermont multi-tasking;GB;Assimilated Checking;Intelligent rich;transmitter networks;2021-03-30;2021-03-30T07:27:06;2021-03-30T11:09:39
5;national;../fake-data/blob/hipster.txt;radical;Indiana card;Pula;sensor connecting metrics;deposit sexy;Plastic;2021-03-30;2021-03-30T09:53:11;2021-03-30T09:01:53
6;object-oriented;../fake-data/blob/hipster.txt;hardware;Bedfordshire;Metal;connecting program;global;initiatives Venezuela;2021-03-30;2021-03-29T22:28:44;2021-03-30T13:30:39
7;neutral Corporate;../fake-data/blob/hipster.txt;deposit leverage multi-byte;Congo Future;pink Division;Turnpike Ergonomic Estonia;interface Cambridgeshire;invoice Metal model;2021-03-30;2021-03-29T19:43:58;2021-03-30T06:49:53
8;Cambridgeshire;../fake-data/blob/hipster.txt;Table actuating;Borders Cotton;Avon 1080p;Trafficway Berkshire;intuitive Concrete;rich Nepal;2021-03-30;2021-03-30T10:02:56;2021-03-30T11:37:09
9;Virginia Small Wooden;../fake-data/blob/hipster.txt;reboot Cambridgeshire;Towels productize parsing;Profit-focused circuit;Rubber SCSI;Jersey withdrawal;middleware;2021-03-30;2021-03-29T17:10:59;2021-03-30T11:48:17
10;azure;../fake-data/blob/hipster.txt;Suriname;Jersey;intranet intranet transform;Facilitator killer;Checking Republic;transmitter functionalities Global;2021-03-30;2021-03-29T21:22:43;2021-03-30T13:40:35
